Maturity_Stage,Class,Ripeness,Replicate,Code,ESR,Maturity_DAB,Actual_Ripening_Status,Day_Harvested,Day_Ripen,Actual_Ripening_Days,Day_Overripe,Actual_Days_Capsule_Splitting,Pulp_Color,Pliability_Harvest,Pliability_EOS,Pedicel_Absicion,Locules,Dehisence,VQR_Harvest,VQR_End_Storage,Aroma_Harvest,Aroma_End_Storage,Disease,Harvest_Rind_Color,Rind_Color_EOS,Harvest_Weight,Weight_End_Storage,Weight_Loss,Average_Weight_Loss,Horizontal_Circumference,Vertical_Circumference,Pedicel_Diameter,Firmness_R1,Firmness_R2,Firmness_R3,Firmness_AVE,TSS_R1,TSS_R2,TSS_R3,TSS_AVE,Dry_Matter_R1,Dry_Matter_R2,Dry_Matter_R3,Dry_Matter_AVE,ESR_NL_Flag,ESR_Days
Immature,A,Unripe,R1,IM_CA_UN_1,13D (NL),101.0,Unripe,2025-09-05,,,,,Creamy White,1.0,,,5.0,1.0,8.0,,1.0,,1.0,Green,,2.69,,,,55.8,64.5,21.0,11.59,11.0,12.33,11.64,3.0,3.35,3.2,3.18,33.0,32.0,25.0,30.0,1.0,13.0
Immature,A,Unripe,R2,IM_CA_UN_2,9D,101.0,Unripe,2025-09-05,,,,,White,1.0,,,5.0,1.0,9.0,,1.0,,1.0,Green,,2.26,,,,53.4,58.3,18.7,12.59,11.27,8.82,10.89,2.95,2.7,2.93,2.86,27.0,26.5,26.5,26.67,0.0,9.0
Immature,A,Unripe,R3,IM_CA_UN_3,13D (NL),101.0,Unripe,2025-09-05,,,,,White,1.0,,,4.0,1.0,8.0,,1.0,,1.0,Green,,1.93,,,,51.3,57.0,20.0,9.67,10.39,8.72,9.59,2.13,2.08,2.03,2.08,15.5,14.5,15.5,15.17,1.0,13.0
Immature,A,Unripe,R4,IM_CA_UN_4,18D,101.0,Unripe,2025-09-05,,,,,"Light Yellow (1-3), White (2)",1.0,,,5.0,1.0,8.0,,1.0,,1.0,More Green Than Brown,,2.74,,,,56.6,60.4,19.0,9.9,11.26,9.73,10.3,2.8,2.83,3.18,2.94,27.5,27.0,24.5,26.33,0.0,18.0
Immature,A,Unripe,R5,IM_CA_UN_5,13D (NL),101.0,Unripe,2025-09-05,,,,,Light Yellow,1.0,,,5.0,1.0,9.0,,1.0,,1.0,Green,,2.6,,,,59.4,67.1,20.35,9.49,12.4,9.28,10.39,4.23,4.0,3.83,4.02,34.5,33.5,31.0,33.0,1.0,13.0
Immature,A,Unripe,R6,IM_CA_UN_6,13D,101.0,Unripe,2025-09-05,,,,,Light Yellow,1.0,,,5.0,1.0,9.0,,1.0,,1.0,Green,,2.37,,,,56.8,60.7,21.5,11.83,8.74,8.79,9.78,2.98,3.73,3.6,3.44,32.0,31.5,30.0,31.17,0.0,13.0
Immature,A,Unripe,R7,IM_CA_UN_7,18D,101.0,Unripe,2025-09-05,,,,,White,1.0,,,4.5,1.0,8.0,,1.0,,1.0,Green,,3.28,,,,62.5,68.6,20.0,9.47,8.98,9.25,9.23,3.0,3.03,3.15,3.06,16.5,17.5,18.0,17.33,0.0,18.0
Immature,A,Ripe,R8,IM_CA_RI_8,12D,101.0,Ripe,2025-09-05,,7.0,,,Yellow (1-3),1.0,4.0,4.0,4.5,1.0,9.0,5.0,1.0,3.0,1.0,Green,More Green than Brown,2.04,1.7,16.67,,51.8,60.9,18.0,0.49,0.36,0.43,0.43,9.73,9.0,9.3,9.34,41.5,41.5,40.0,41.0,0.0,12.0
Immature,A,Ripe,R9,IM_CA_RI_9,13D,101.0,Ripe,2025-09-05,,7.0,,,Yellow (1-3),1.0,4.0,4.0,5.0,1.0,8.0,4.0,1.0,4.0,1.0,Green,More Green than Brown with Yellow Sutures,3.1,2.53,18.39,,55.1,70.0,24.2,0.31,0.27,0.5,0.36,8.8,7.45,7.28,7.84,34.5,33.0,33.0,33.5,0.0,13.0
Immature,A,Ripe,R10,IM_CA_RI_10,12D,101.0,Ripe,2025-09-05,,7.0,,,Light Yellow(1-3),1.0,2.0,5.0,4.0,1.0,9.0,3.0,1.0,4.0,2.0,Green,More Brown than Green with Yellow Sutures,1.62,1.32,18.52,,48.3,55.1,17.4,0.55,0.47,0.45,0.49,6.8,5.93,7.63,6.79,34.5,30.5,31.0,32.0,0.0,12.0
Immature,A,Ripe,R11,IM_CA_RI_11,13D,101.0,Ripe,2025-09-05,,7.0,,,Light Yellow (1-3),1.0,2.0,2.0,5.0,1.0,9.0,4.0,1.0,4.0,2.0,Green,Green,2.76,2.25,18.48,,58.1,65.6,22.1,0.55,0.26,0.22,0.34,,,,,26.5,26.5,27.5,26.83,0.0,13.0
Immature,A,Ripe,R12,IM_CA_RI_12,12D,101.0,Ripe,2025-09-05,,7.0,,,Light Yellow (1-3),1.0,2.0,4.0,5.0,1.0,9.0,3.0,1.0,2.0,2.0,Green,More Green than Brown,2.42,2.01,16.94,,53.7,66.3,19.7,0.32,0.56,0.35,0.41,7.75,8.98,8.13,8.29,45.0,37.0,45.5,42.5,0.0,12.0
Immature,A,Ripe,R13,IM_CA_RI_13,12D,101.0,Ripe,2025-09-05,,7.0,,,Creamy White (1-3),1.0,2.0,4.0,5.0,1.0,9.0,6.0,1.0,4.0,1.0,Green,More Brown than Green,1.59,1.31,17.61,,49.5,55.1,14.7,0.82,0.4,0.45,0.55,6.1,6.23,5.65,5.99,27.0,27.5,28.5,27.67,0.0,12.0
Immature,A,Ripe,R14,IM_CA_RI_14,13D,101.0,Ripe,2025-09-05,,7.0,,,Light Yellow (1-3),1.0,3.0,4.0,4.5,1.0,9.0,5.0,1.0,4.0,1.0,Green,More Green than Brown,2.22,1.87,15.77,17.48,56.0,59.2,18.3,0.4,0.42,0.44,0.42,7.48,7.7,8.73,7.97,30.5,33.0,34.5,32.67,0.0,13.0
Immature,A,Overripe,R15,IM_CA_OR_15,13D,101.0,Overripe,2025-09-05,,,,7.0,Yellow (1-3),1.0,4.0,3.0,5.0,,9.0,3.0,1.0,4.0,2.0,More Green Than Brown,More Brown than Green,2.59,2.29,11.58,23.18,57.9,66.7,21.75,0.4,0.36,0.35,0.37,10.68,10.0,8.65,9.78,34.0,33.5,33.0,33.5,0.0,13.0
Immature,A,Overripe,R16,IM_CA_OR_16,13D,101.0,Overripe,2025-09-05,,,,10.0,,1.0,,,5.0,,9.0,1.0,1.0,5.0,,Green,,2.25,1.64,27.11,,54.0,60.1,20.3,,,,,,,,,,,,,0.0,13.0
Immature,A,Overripe,R17,IM_CA_OR_17,12D,101.0,Overripe,2025-09-05,,,,10.0,,1.0,,,5.0,,8.0,2.0,1.0,5.0,,More Green Than Brown,,1.99,1.46,26.63,,49.8,58.8,18.4,0.37,0.34,0.0,0.24,,,,,,,,,0.0,12.0
Immature,A,Overripe,R18,IM_CA_OR_18,13D,101.0,Overripe,2025-09-05,,,,13.0,Yellow,1.0,3.0,4.0,5.0,,8.0,4.0,1.0,5.0,2.0,Green,"Dark Green, Light Green, Lower Half, Yellow Bottom",2.26,1.61,28.76,,55.2,61.7,19.5,,,,,7.28,7.63,7.3,7.4,,,,,0.0,13.0
Immature,A,Overripe,R19,IM_CA_OR_19,13D,101.0,Disease,2025-09-05,,,,,,1.0,,,5.0,,9.0,,1.0,5.0,,Green,,3.79,,,,63.2,74.3,,,,,,,,,,,,,,0.0,13.0
Immature,A,Overripe,R20,IM_CA_OR_20,13D,101.0,Overripe,2025-09-05,,,,7.0,Light Yellow,1.0,3.0,3.0,4.0,,9.0,3.0,1.0,4.0,1.0,More Green Than Brown,More Brown than Green with Yellow Orange sutures,2.03,1.69,16.75,,50.9,60.9,19.0,0.26,0.37,0.38,0.34,9.43,8.88,8.6,8.97,37.5,38.0,36.0,37.17,0.0,13.0
Immature,A,Overripe,R21,IM_CA_OR_21,13D,101.0,Overripe,2025-09-05,,,,10.0,Light Yellow (1-3),1.0,,,5.0,,9.0,1.0,1.0,,,More Green Than Brown,,2.69,1.93,28.25,,56.5,67.7,19.3,,,,,,,,,,,,,0.0,13.0
Immature,B,Unripe,R22,IM_CB_UN_22,13D (NL),101.0,Unripe,2025-09-05,,,,,Creamy White,1.0,,1.0,4.0,1.0,7.0,,1.0,,1.0,More Green Than Brown,,2.46,1.46,,,55.8,58.3,19.3,11.26,12.79,10.93,11.66,3.95,4.2,4.1,4.08,36.0,34.0,35.0,35.0,1.0,13.0
Immature,B,Unripe,R23,IM_CB_UN_23,13D (NL),101.0,Unripe,2025-09-05,,,,,Creamy White,1.0,,1.0,4.5,1.0,9.0,,1.0,,1.0,Green,,2.68,,,,56.7,62.7,18.0,12.26,12.11,11.55,11.98,3.65,3.43,3.68,3.59,33.0,32.0,31.0,32.0,1.0,13.0
Immature,B,Unripe,R24,IM_CB_UN_24,13D (NL),101.0,Unripe,2025-09-05,,,,,Light Yellow,1.0,,1.0,4.0,1.0,7.0,,1.0,,1.0,Green,,2.3,,,,54.2,62.5,21.55,12.64,11.62,11.86,12.04,3.0,2.53,2.68,2.74,31.5,32.0,33.0,32.17,1.0,13.0
Immature,B,Unripe,R25,IM_CB_UN_25,13D (NL),101.0,Unripe,2025-09-05,,,,,Light Yellow,1.0,,1.0,5.0,1.0,8.0,,1.0,,1.0,Green,,2.64,,,,56.5,62.7,21.0,12.13,13.57,12.56,12.75,4.0,3.9,4.08,3.99,35.0,36.0,36.5,35.83,1.0,13.0
Immature,B,Unripe,R26,IM_CB_UN_26,13D (NL),101.0,Unripe,2025-09-05,,,,,Light Yellow,1.0,,1.0,,1.0,7.0,,1.0,,1.0,More Green Than Brown,,2.0,,,,52.4,60.1,20.5,3.76,4.65,3.03,3.81,3.8,3.93,4.15,3.96,33.0,36.0,33.5,34.17,1.0,13.0
Immature,B,Unripe,R27,IM_CB_UN_27,13D (NL),101.0,Unripe,2025-09-05,,,,,Light Yellow,1.0,,1.0,,1.0,7.0,,1.0,,1.0,Green,,2.26,,,,52.4,61.5,21.85,11.31,10.25,9.61,10.39,3.5,3.78,3.53,3.6,32.0,29.5,31.0,30.83,1.0,13.0
Immature,B,Unripe,R28,IM_CB_UN_28,13D (NL),101.0,Unripe,2025-09-05,,,,,Light Yellow,1.0,,1.0,4.5,1.0,9.0,,1.0,,1.0,Green,,2.13,,,,50.0,58.7,18.5,11.54,10.66,10.95,11.05,3.83,3.93,3.35,3.7,32.0,32.0,34.5,32.83,1.0,13.0
Immature,B,Ripe,R29,IM_CB_RI_29,18D,101.0,Ripe,2025-09-05,,7.0,,,Yellow (1-3),1.0,2.0,4.0,5.0,1.0,8.0,3.0,1.0,2.0,2.0,Green,More Green than Brown,2.24,1.9,15.18,18.97,56.1,59.1,19.0,0.64,0.57,0.44,0.55,7.4,7.53,8.53,7.82,38.0,41.5,35.0,38.17,0.0,18.0
Immature,B,Ripe,R30,IM_CB_RI_30,18D,101.0,Ripe,2025-09-05,,10.0,,,Yellow,1.0,2.0,5.0,,1.0,8.0,3.0,1.0,3.0,2.0,Green,Green,2.87,2.28,20.56,,56.1,67.4,19.8,,,,,6.78,6.65,7.0,6.81,28.0,27.0,26.0,27.0,0.0,18.0
Immature,B,Ripe,R31,IM_CB_RI_31,13D,101.0,Ripe,2025-09-05,,10.0,,,,1.0,3.0,5.0,,1.0,9.0,2.0,1.0,4.0,3.0,Green,More Green than Brown with Yellow Sutures,2.53,1.97,22.13,,52.6,66.1,16.4,0.66,0.54,0.35,0.52,,,,,,,,,0.0,13.0
Immature,B,Ripe,R32,IM_CB_RI_32,13D,101.0,Ripe,2025-09-05,,7.0,,,Light Yellow (1-3),1.0,3.0,3.0,,1.0,9.0,5.0,1.0,4.0,1.0,More Green Than Brown,More Brown than Green,1.75,1.46,16.57,,49.7,56.5,17.4,0.41,0.52,0.41,0.45,8.05,8.83,8.35,8.41,35.5,37.5,35.5,36.17,0.0,13.0
Immature,B,Ripe,R33,IM_CB_RI_33,13D,101.0,Ripe,2025-09-05,,7.0,,,Yellow Orange (1-3),1.0,2.0,1.0,3.5,1.0,9.0,4.0,1.0,3.0,2.0,More Green Than Brown,More Green than Brown,2.35,1.99,15.32,,54.5,59.8,20.0,1.23,0.44,0.55,0.74,8.48,7.48,8.95,8.3,37.5,44.0,35.5,39.0,0.0,13.0
Immature,B,Ripe,R34,IM_CB_RI_34,13D,101.0,Ripe,2025-09-05,,7.0,,,Light Yellow Orange / Yellow (1-3),1.0,4.0,3.0,,1.0,9.0,5.0,1.0,3.0,1.0,Green,More Green than Brown,2.4,2.01,16.25,,51.0,66.0,20.1,0.47,0.44,0.31,0.41,8.93,9.88,10.35,9.72,40.5,38.5,36.0,38.33,0.0,13.0
Immature,B,Ripe,R35,IM_CB_RI_35,13D,101.0,Disease,2025-09-05,,,,,,1.0,,,4.5,,9.0,1.0,1.0,5.0,5.0,Green,,2.93,,,,56.3,69.6,21.3,,,,,9.55,9.68,8.95,9.39,,,,,0.0,13.0
Immature,B,Overripe,R36,IM_CB_OR_36,13D,101.0,Overripe,2025-09-05,,,,8.0,,1.0,4.0,4.0,3.5,5.0,9.0,3.0,1.0,3.0,2.0,Green,Brown and Yellow Green w/ Orange Bottom,2.26,1.57,30.53,33.99,53.4,60.6,20.6,,,,,,,,,,,,,0.0,13.0
Immature,B,Overripe,R37,IM_CB_OR_37,13D,101.0,Overripe,2025-09-05,,,,8.0,"1 - Yellow, 2 - Yellow, 3 - Yellow",1.0,5.0,3.0,,2.0,9.0,2.0,1.0,2.0,1.0,Green,"Ashen Grey, Yellow Spots and in Sutures, Orange Bottom",2.15,1.52,29.3,,56.1,59.2,21.7,0.5,0.29,0.21,0.34,,,,,,,,,0.0,13.0
Immature,B,Overripe,R38,IM_CB_OR_38,18D,101.0,Overripe,2025-09-05,,,,15.0,Yellow,1.0,3.0,2.0,3.5,,8.0,2.0,1.0,5.0,3.0,Green,More Brown than Green with Yellow Orange,2.53,1.66,34.39,,55.8,62.7,21.1,,,,,6.63,5.83,5.95,6.14,28.5,27.0,27.5,27.67,0.0,18.0
Immature,B,Overripe,R39,IM_CB_OR_39,13D,101.0,Overripe,2025-09-05,,,,8.0,Yellow (1-3),1.0,4.0,3.0,,2.0,8.0,5.0,1.0,4.0,1.0,Green,More Green than Brown,2.14,1.65,22.9,,52.4,60.4,19.6,,,,,6.93,8.03,6.93,7.3,30.0,32.5,29.5,30.67,0.0,13.0
Immature,B,Overripe,R40,IM_CB_OR_40,13D,101.0,Overripe,2025-09-05,,,,8.0,"1 - Bright, 2 - Yellow",1.0,5.0,5.0,3.0,2.0,8.0,4.0,1.0,3.0,2.0,Green,"Ashen Brown w/ Green Spots, Orange Bottom",2.05,1.31,36.1,,51.1,64.1,16.25,0.44,0.4,0.29,0.38,7.53,7.65,8.98,8.05,43.0,39.5,36.5,39.67,0.0,13.0
Immature,B,Overripe,R41,IM_CB_OR_41,18D,101.0,Overripe,2025-09-05,,,,15.0,Yellow,1.0,4.0,5.0,3.0,,8.0,3.0,1.0,5.0,1.0,Green,More Brown than Green with Yellow Orange near Dehised part (15-20%),2.8,1.38,50.71,,51.1,59.0,20.8,0.24,0.49,0.42,0.38,6.8,5.5,6.38,6.23,27.5,41.5,39.5,36.17,0.0,18.0
Immature,B,Overripe,R42,IM_CB_OR_42,13D,101.0,Ripe,2025-09-05,,13.0,,,"Light Yellow (1), Yellow (2-3)",1.0,2.0,4.0,4.5,1.0,8.0,3.0,1.0,4.0,3.0,Green,Yellow Green Bottom w/ Ashen Green and tinge of Brown,1.83,1.34,26.78,,50.3,56.9,20.6,0.55,0.78,0.29,0.54,6.55,8.4,9.03,7.99,27.5,31.0,29.5,29.33,0.0,13.0
Immature,C,Unripe,R43,IM_CC_UN_43,18D,101.0,Unripe,2025-09-05,,,,,Light Yellow,1.0,,1.0,3.5,1.0,,,1.0,,1.0,Green,,1.61,,,,51.3,50.8,14.0,11.54,10.66,10.95,11.05,3.18,3.43,3.68,3.43,26.0,27.5,28.5,27.33,0.0,18.0
Immature,C,Unripe,R44,IM_CC_UN_44,18D,101.0,Unripe,2025-09-05,,,,,"Light Yellow (1-2), creamy white (3)",1.0,,1.0,3.0,1.0,,,1.0,,1.0,Green,,1.37,,,,47.3,54.6,15.0,11.71,11.94,10.04,11.23,2.93,3.4,3.28,3.2,26.5,27.5,25.5,26.5,0.0,18.0
Immature,C,Unripe,R45,IM_CC_UN_45,13D,101.0,Unripe,2025-09-05,,,,,Yellow,1.0,,1.0,2.0,1.0,,,1.0,,1.0,Green,,1.08,,,,40.2,51.1,14.55,1.84,1.05,1.12,1.34,,,,,26.5,28.0,27.25,27.25,0.0,13.0
Immature,C,Unripe,R46,IM_CC_UN_46,13D,101.0,Unripe,2025-09-05,,,,,"yellow, light yellow (3)",1.0,,1.0,3.0,1.0,5.0,,1.0,,1.0,Green,,1.25,,,,43.5,49.1,16.8,12.12,9.9,9.72,10.58,2.45,2.45,2.98,2.63,28.5,31.0,28.0,29.17,0.0,13.0
Immature,C,Unripe,R47,IM_CC_UN_47,13D,101.0,Unripe,2025-09-05,,,,,"Light yellow, creamy white )2-3)",1.0,,1.0,4.0,1.0,7.0,,1.0,,1.0,Green,,1.27,,,,46.3,49.1,14.7,6.05,6.88,5.95,6.29,2.0,2.18,2.33,2.17,13.0,14.0,13.0,13.33,0.0,13.0
Immature,C,Unripe,R48,IM_CC_UN_48,13D,101.0,Unripe,2025-09-05,,,,,,1.0,,1.0,2.5,1.0,6.0,,1.0,,1.0,Green,,1.64,,,,45.1,56.1,16.8,11.75,9.8,11.49,11.02,2.68,2.73,2.68,2.7,26.5,26.0,27.0,26.5,0.0,13.0
Immature,C,Unripe,R49,IM_CC_UN_49,18D,101.0,Unripe,2025-09-05,,,,,light yellow,1.0,,1.0,3.0,1.0,7.0,,1.0,,1.0,Green,,1.74,,,,47.3,54.6,17.5,9.59,10.8,11.62,10.67,2.48,2.2,2.43,2.37,26.0,26.0,26.0,26.0,0.0,18.0
Immature,C,Ripe,R50,IM_CC_RI_50,13D,101.0,Overripe,2025-09-05,,,,7.0,Yellow Orange (1-3),1.0,4.0,4.0,,,7.0,3.0,1.0,4.0,2.0,Green,More Yellow Orange than Green,1.71,1.35,21.05,23.46,44.9,57.4,20.6,0.21,0.34,0.21,0.25,6.83,6.95,6.8,6.86,39.5,35.0,31.5,35.33,0.0,13.0
Immature,C,Ripe,R51,IM_CC_RI_51,13D,101.0,Ripe,2025-09-05,,7.0,,,Yellow (1-3),1.0,3.0,4.0,,1.0,7.0,7.0,1.0,4.0,1.0,More Brown Than Green,More Brown than Green,1.31,1.07,18.32,18.01,47.5,50.8,17.2,0.49,0.59,0.46,0.51,6.525,8.275,8.125,7.64,41.5,35.0,25.5,34.0,0.0,13.0
Immature,C,Ripe,R52,IM_CC_RI_52,13D,101.0,Ripe,2025-09-05,,8.0,,,Yellow (1-3),1.0,3.0,3.0,,1.0,6.0,6.0,1.0,3.0,1.0,More Brown Than Green,Brown,1.25,0.99,20.8,,51.2,50.2,15.1,,,,,9.08,8.45,6.9,8.14,32.0,33.5,35.5,33.67,0.0,13.0
Immature,C,Ripe,R53,IM_CC_RI_53,13D,101.0,Ripe,2025-09-05,,7.0,,,"Light Yellow (1-2), Creamy White (3)",1.0,2.0,4.0,,1.0,7.0,3.0,1.0,4.0,1.0,More Green Than Brown,More Green than Brown with Yellow Orange Sutures,1.68,1.42,15.48,,46.2,54.8,18.5,0.48,0.43,0.34,0.42,6.43,6.5,6.4,6.44,,,,,0.0,13.0
Immature,C,Ripe,R54,IM_CC_RI_54,13D,101.0,Overripe,2025-09-05,,,,7.0,Light Yellow (1-3),1.0,4.0,4.0,,,6.0,3.0,1.0,4.0,1.0,More Brown Than Green,More Brown than Green,1.55,1.27,18.06,,47.9,54.4,17.0,0.22,0.55,0.43,0.4,8.925,8.475,7.55,8.32,41.0,34.5,39.0,38.17,0.0,13.0
Immature,C,Ripe,R55,IM_CC_RI_55,13D,101.0,Ripe,2025-09-05,,7.0,,,Light Yellow / Light Yellow Orange (1-3),1.0,2.0,4.0,,1.0,6.0,6.0,1.0,3.0,1.0,Green,More Green than Brown,1.73,1.47,15.03,,48.6,58.2,17.45,0.72,0.52,0.47,0.57,7.375,7.85,7.4,7.54,33.5,35.0,32.0,33.5,0.0,13.0
Immature,C,Ripe,R56,IM_CC_RI_56,13D,101.0,Ripe,2025-09-05,,7.0,,,Creamy White (1-3),1.0,3.0,2.0,,1.0,6.0,5.0,1.0,4.0,1.0,More Green Than Brown,More Green than Brown with Yellow Orange sutures,0.93,0.74,20.43,,48.8,45.4,12.0,0.41,0.67,0.41,0.5,5.725,5.8,4.875,5.47,28.0,30.5,,29.25,0.0,13.0
Immature,C,Overripe,R57,IM_CC_OR_57,13D,101.0,Overripe,2025-09-05,,,,7.0,"Light Yellow, Orange, Yellow Orange",1.0,,,,1.0,,,1.0,,,More Green Than Brown,,1.44,0.99,31.25,,45.6,51.6,16.25,0.61,0.54,0.41,0.52,9.83,10.28,12.2,10.77,40.5,41.5,45.5,42.5,0.0,13.0
Immature,C,Overripe,R58,IM_CC_OR_58,13D,101.0,Overripe,2025-09-05,,,,7.0,Light Yellow,1.0,,,,,5.0,,1.0,,,More Green Than Brown,,1.04,,,,42.6,44.5,11.0,0.26,0.19,0.42,0.29,5.35,5.65,5.75,5.58,27.5,26.5,,27.0,0.0,13.0
Immature,C,Overripe,R59,IM_CC_OR_59,13D,101.0,Overripe,2025-09-05,,,,8.0,Grayish White (1-3),1.0,3.0,5.0,,,6.0,5.0,1.0,5.0,,More Green Than Brown,More Green than Brown with Yellow-Green Sutures,1.75,1.37,21.71,,46.2,53.1,16.0,,,,,4.5,4.33,4.78,4.54,16.0,19.0,16.5,17.17,0.0,13.0
Immature,C,Overripe,R60,IM_CC_OR_60,13D,101.0,Ripe,2025-09-05,,7.0,,,Bright Yellow,1.0,,1.0,,,5.0,5.0,1.0,,1.0,More Green Than Brown,,2.94,,,,42.5,49.8,19.1,0.47,0.46,0.45,0.46,8.75,8.23,7.0,7.99,39.0,38.0,39.5,38.83,0.0,13.0
Immature,C,Overripe,R61,IM_CC_OR_61,13D,101.0,Overripe,2025-09-05,,,,10.0,Yellow Orange,1.0,4.0,5.0,,,5.0,3.0,1.0,5.0,2.0,More Green Than Brown,More Brown than Yellow Orange,1.72,1.31,23.84,,49.9,59.0,17.2,0.4,0.42,0.56,0.46,7.03,6.6,7.7,7.11,30.0,26.5,29.0,28.5,0.0,13.0
Immature,C,Overripe,R62,IM_CC_OR_62,13D,101.0,Ripe,2025-09-05,,7.0,,,Yellow,1.0,,1.0,3.0,,6.0,5.0,1.0,,1.0,More Green Than Brown,,1.32,,,,49.3,68.1,15.8,0.66,0.26,0.35,0.42,8.05,7.925,7.675,7.88,35.0,36.0,35.5,35.5,0.0,13.0
Immature,C,Overripe,R63,IM_CC_OR_63,13D (NL),101.0,Overripe,2025-09-05,,,,10.0,Yellow,1.0,3.0,2.0,,1.0,6.0,5.0,1.0,3.0,,Green,More Green than Brown,1.61,1.21,24.84,,48.2,52.9,15.2,0.27,0.61,0.42,0.43,6.73,6.58,6.78,6.7,26.0,23.5,26.0,25.17,1.0,13.0
Mature,A,Unripe,R64,M_CA_UN_64,3D,110.0,Unripe,2025-09-18,,,,,(1-3) = Bright Yellow,1.0,,1.0,5.0,,8.0,,1.0,,1.0,Green,,2.14,,,,51.5,67.5,21.5,8.0,5.49,7.76,7.08,7.83,7.85,7.9,7.86,32.0,32.0,33.5,32.5,0.0,3.0
Mature,A,Unripe,R65,M_CA_UN_65,6D,111.0,Unripe,2025-09-18,,,,,"(1-2) = Creamy White, (3) = White",1.0,,1.0,4.5,,9.0,,1.0,,1.0,More Brown Than Green,,2.27,,,,52.6,61.5,15.5,10.67,10.56,10.03,10.42,4.25,3.63,4.18,4.02,28.0,30.0,30.0,29.33,0.0,6.0
Mature,A,Unripe,R66,M_CA_UN_66,4D,114.0,Unripe,2025-09-18,,,,,(1-3) = Yellow Orange,2.0,,1.0,5.0,,7.0,,2.0,,1.0,Green,,1.83,,,,51.9,62.5,18.1,,,,,4.23,3.83,4.45,4.17,,,,,0.0,4.0
Mature,A,Unripe,R67,M_CA_UN_67,4D,111.0,Unripe,2025-09-18,,,,,(1-3) = Creamy White,1.0,,1.0,4.0,,9.0,,1.0,,1.0,Green,,2.84,,,,57.8,67.6,21.0,8.68,7.77,8.24,8.23,5.0,4.28,4.73,4.67,,,,,0.0,4.0
Mature,A,Unripe,R68,M_CA_UN_68,6D,118.0,Unripe,2025-09-18,,,,,(1-3) = White,1.0,,1.0,4.5,,9.0,,1.0,,1.0,Green,,2.46,,,,,,21.1,1.83,3.19,3.35,2.79,4.63,4.38,5.13,4.71,34.0,36.0,32.0,34.0,0.0,6.0
Mature,A,Unripe,R69,M_CA_UN_69,4D,114.0,Unripe,2025-09-18,,,,,"(1-2) = Light Yellow, (3) = Yellow",1.0,,1.0,4.5,,8.0,,1.0,,1.0,Green,,2.9,,,,57.5,68.4,22.5,,,,,6.35,5.78,6.28,6.14,,,,,0.0,4.0
Mature,A,Unripe,R70,M_CA_UN_70,4D,114.0,Unripe,2025-09-18,,,,,"(1-2) = Creamy White, (3) = White",1.0,,1.0,,,9.0,,1.0,,1.0,More Green Than Brown,,1.7,,,,50.3,54.5,16.2,6.81,6.82,5.88,6.5,5.83,6.3,6.35,6.16,36.0,36.5,36.5,36.33,0.0,4.0
Mature,A,Ripe,R71,M_CA_RI_71,4D,114.0,Ripe,2025-09-18,,5.0,,,Yellow Orange,1.0,2.0,1.0,4.0,1.0,9.0,7.0,1.0,4.0,1.0,Green,More Brown than Green,1.69,,,,47.4,53.0,18.0,0.44,0.47,0.43,0.45,7.85,7.88,7.93,7.89,36.0,36.5,40.0,37.5,0.0,4.0
Mature,A,Ripe,R72,M_CA_RI_72,4D,114.0,Ripe,2025-09-18,,5.0,,,Yellow,1.0,3.0,2.0,4.0,1.0,9.0,7.0,1.0,3.0,1.0,Green,More Green than Brown,2.22,,,,54.6,60.2,18.8,0.42,0.33,0.38,0.38,7.7,8.75,6.35,7.6,38.0,36.0,36.0,36.67,0.0,4.0
Mature,A,Ripe,R73,M_CA_RI_73,6D,114.0,Ripe,2025-09-18,,11.0,,,Yellow Orange,1.0,3.0,3.0,5.0,1.0,9.0,7.0,1.0,3.0,1.0,Green,More Green than Brown,2.2,,,,51.6,58.5,16.3,0.69,0.66,1.16,0.84,8.7,9.7,10.25,9.55,32.0,31.5,34.0,32.5,0.0,6.0
Mature,A,Ripe,R74,M_CA_RI_74,5D,114.0,Ripe,2025-09-18,,5.0,,,Yellow,1.0,3.0,5.0,,1.0,8.0,8.0,1.0,3.0,1.0,Green,Green,2.01,,,,49.1,56.0,11.4,0.76,0.42,0.38,0.52,8.95,8.98,9.63,9.19,,,,,0.0,5.0
Mature,A,Ripe,R75,M_CA_RI_75,5D,114.0,Ripe,2025-09-18,,5.0,,,Yellow,1.0,3.0,5.0,4.5,1.0,8.0,7.0,1.0,3.0,1.0,Green,Green,2.18,,,,50.1,57.2,22.2,0.34,0.26,0.49,0.36,7.58,7.53,7.45,7.52,37.5,39.5,41.5,39.5,0.0,5.0
Mature,A,Ripe,R76,M_CA_RI_76,2D,114.0,Overripe,2025-09-18,,,,5.0,Yellow,1.0,4.0,5.0,4.5,,8.0,3.0,1.0,5.0,2.0,Green,More Green than Brown w/ Yellow Orange at Deniscence and Bottom,1.97,1.75,11.17,,49.0,56.6,19.7,0.38,0.42,0.63,0.48,9.75,9.45,9.55,9.58,41.5,40.0,39.5,40.33,0.0,2.0
Mature,A,Ripe,R77,M_CA_RI_77,6D,113.0,Ripe,2025-09-18,,5.0,,,Yellow Orange,1.0,2.0,3.0,,1.0,8.0,5.0,1.0,2.0,2.0,Green,Green,3.6,,,,62.3,68.3,26.0,0.59,0.41,0.4,0.47,7.18,7.1,7.45,7.24,35.5,36.0,38.0,36.5,0.0,6.0
Mature,A,Overripe,R78,M_CA_OR_78,5D,114.0,Ripe,2025-09-18,,5.0,,,Yellow,1.0,2.0,4.0,4.5,1.0,9.0,8.0,1.0,2.0,1.0,Green,More Green than Brown,3.2,,,,57.9,65.9,26.7,0.44,0.24,0.47,0.38,10.68,9.05,9.73,9.82,37.5,38.5,36.0,37.33,0.0,5.0
Mature,A,Overripe,R79,M_CA_OR_79,3D,111.0,Overripe,2025-09-18,,,,9.0,(1-3) = Yellow Orange,4.0,5.0,5.0,4.5,,9.0,2.0,3.0,5.0,2.0,Green,Dark Brown with Yellow Orange Bottom near Dehisence area and Cracked Suture Lines,1.9,1.53,19.47,18.46,45.9,56.9,19.55,0.26,0.22,0.0,0.16,8.15,7.9,8.25,8.1,32.0,39.5,33.5,35.0,0.0,3.0
Mature,A,Overripe,R80,M_CA_OR_80,3D,114.0,Overripe,2025-09-18,,,,9.0,(1-3) = Yellow,1.0,5.0,4.0,4.5,,9.0,3.0,1.0,5.0,2.0,Green,More Brown than Green w/ Yellow Orange along Suture Lines,2.69,2.2,18.22,,54.6,62.7,21.0,0.23,0.11,0.23,0.19,10.78,9.75,9.43,9.99,32.0,33.0,30.5,31.83,0.0,3.0
Mature,A,Overripe,R81,M_CA_OR_81,6D,114.0,Overripe,2025-09-18,,,,9.0,(1-3) = Yellow,1.0,4.0,1.0,4.5,,9.0,3.0,1.0,4.0,1.0,Green,More Brown than Green w/ Yellow Orange Suture Line/Base (Cracked),2.53,2.08,17.79,,51.3,61.7,20.0,0.26,0.0,0.31,0.19,7.78,6.68,7.45,7.3,33.0,34.5,33.0,33.5,0.0,6.0
Mature,A,Overripe,R82,M_CA_OR_82,5D,114.0,Overripe,2025-09-18,,,,9.0,(1-3) = Yellow,1.0,5.0,2.0,5.0,,8.0,3.0,1.0,5.0,1.0,Green,More Brown than Green w/ Yellow Orange at Suture Lines,2.76,2.11,23.55,,54.0,61.9,23.55,0.27,0.41,0.21,0.3,7.75,8.35,8.73,8.28,34.5,33.5,34.5,34.17,0.0,5.0
Mature,A,Overripe,R83,M_CA_OR_83,5D,113.0,Overripe,2025-09-18,,,,9.0,(1-3) = Yellow Orange,1.0,4.0,5.0,5.0,,9.0,3.0,1.0,4.0,1.0,Green,"More Green than Brown, w/ Yellow along Suture Line (Cracked)",2.6,2.15,17.31,,54.3,61.2,21.3,0.0,0.21,0.0,0.07,7.08,6.83,8.45,7.45,37.5,37.0,37.5,37.33,0.0,5.0
Mature,A,Overripe,R84,M_CA_OR_84,5D,114.0,Overripe,2025-09-18,,,,9.0,(1-3) = Yellow Orange,1.0,5.0,5.0,5.0,,8.0,4.0,1.0,5.0,1.0,Green,More Green than Brown,2.81,2.2,21.71,,52.4,66.5,20.0,0.0,0.11,0.0,0.04,6.3,7.55,7.05,6.97,35.5,36.5,35.0,35.67,0.0,5.0
Mature,B,Unripe,R85,M_CB_UN_85,5D,114.0,Unripe,2025-09-18,,,,,(1-3) = Creamy White,1.0,,1.0,,1.0,7.0,,1.0,,1.0,Green,,4.36,,,,61.9,77.9,26.85,5.32,5.25,4.78,5.12,6.08,4.68,5.7,5.49,34.5,34.5,36.5,35.17,0.0,5.0
Mature,B,Unripe,R86,M_CB_UN_86,6D,114.0,Unripe,2025-09-18,,,,,(1-3) = Creamy White,1.0,,1.0,3.0,1.0,8.0,,1.0,,1.0,Green,,1.95,,,,50.7,57.5,21.25,8.56,9.46,12.34,10.12,4.95,4.55,4.93,4.81,32.0,31.5,31.0,31.5,0.0,6.0
Mature,B,Unripe,R87,M_CB_UN_87,6D,110.0,Unripe,2025-09-18,,,,,"(1-2) = Light Yellow, (3) = Bright Yellow",1.0,,1.0,3.5,1.0,7.0,,1.0,,1.0,More Green Than Brown,,3.44,,,,59.7,71.6,25.35,,,,,4.28,4.53,4.25,4.35,,,,,0.0,6.0
Mature,B,Unripe,R88,M_CB_UN_88,6D,110.0,Unripe,2025-09-18,,,,,(1-3) = Creamy White,1.0,,1.0,3.5,1.0,9.0,,1.0,,1.0,More Green Than Brown,,1.45,,,,47.6,52.2,12.65,9.03,6.19,6.43,7.22,4.78,5.73,4.25,4.92,33.0,33.5,31.5,32.67,0.0,6.0
Mature,B,Unripe,R89,M_CB_UN_89,5D,114.0,Unripe,2025-09-18,,,,,"(1) = Light Yellow, (2-3) = Yellow",1.0,,1.0,,1.0,8.0,,1.0,,1.0,Green,,2.89,,,,59.3,63.9,25.0,0.69,0.99,0.89,0.85,6.93,6.08,6.48,6.5,37.5,38.0,37.0,37.5,0.0,5.0
Mature,B,Unripe,R90,M_CB_UN_90,2D,111.0,Unripe,2025-09-18,,,,,(1-3) = Yellow,3.0,,1.0,3.0,1.0,9.0,,2.0,,1.0,More Green Than Brown,,2.13,,,,52.7,60.6,19.85,,,,,6.98,7.18,6.73,6.96,37.5,37.0,37.0,37.17,0.0,2.0
Mature,B,Unripe,R91,M_CB_UN_91,3D,114.0,Unripe,2025-09-18,,,,,(1-3) = Yellow,1.0,,1.0,,1.0,7.0,,1.0,,1.0,Green,,3.5,,,,63.4,68.5,25.3,,,,,,,,,,,,,0.0,3.0
Mature,B,Ripe,R92,M_CB_RI_92,4D,114.0,Ripe,2025-09-18,,5.0,,,Yellow,1.0,4.0,5.0,,1.0,7.0,6.0,1.0,4.0,1.0,Green,Brown w/ Light Yellow Sutures,2.06,,,,48.5,60.5,20.1,0.11,0.21,0.25,0.19,9.05,8.95,9.45,9.15,39.5,38.5,42.0,40.0,0.0,4.0
Mature,B,Ripe,R93,M_CB_RI_93,5D,114.0,Overripe,2025-09-18,,,,9.0,Yellow,1.0,5.0,1.0,,,8.0,3.0,1.0,5.0,1.0,More Green Than Brown,More Green than Brown,1.84,1.59,13.59,21.17,51.6,56.8,15.0,0.7,0.29,0.19,0.39,8.13,8.03,7.5,7.89,38.5,33.5,34.0,35.33,0.0,5.0
Mature,B,Ripe,R94,M_CB_RI_94,5D,113.0,Ripe,2025-09-18,,5.0,,,Yellow,1.0,3.0,2.0,3.0,1.0,9.0,7.0,1.0,2.0,1.0,Green,More Green than Brown,2.2,2.01,8.64,9.34,53.0,56.3,18.7,0.57,0.88,0.47,0.64,8.23,9.6,9.45,9.09,34.0,34.5,34.0,34.17,0.0,5.0
Mature,B,Ripe,R95,M_CB_RI_95,6D,110.0,Ripe,2025-09-18,,5.0,,,"Yellow (1-2), Yellow Orange (3)",1.0,,,,,9.0,,1.0,,,More Green Than Brown,,1.71,,,,48.3,55.0,,0.26,0.4,0.43,0.36,7.68,8.0,8.23,7.97,37.0,40.5,35.5,37.67,0.0,6.0
Mature,B,Ripe,R96,M_CB_RI_96,6D,113.0,Ripe,2025-09-18,,5.0,,,Yellow,1.0,2.0,2.0,4.0,1.0,8.0,6.0,1.0,4.0,1.0,Green,Green,2.65,2.42,8.68,,56.6,60.0,25.0,0.42,0.37,0.27,0.35,10.1,10.28,9.63,10.0,38.0,40.0,38.5,38.83,0.0,6.0
Mature,B,Ripe,R97,M_CB_RI_97,6D,110.0,Ripe,2025-09-18,,5.0,,,Yellow,1.0,3.0,5.0,,1.0,9.0,7.0,1.0,3.0,1.0,More Green Than Brown,More Green than Brown,1.61,,,,45.5,53.1,11.0,0.6,0.7,0.36,0.56,8.85,9.05,8.18,8.69,,,,,0.0,6.0
Mature,B,Ripe,R98,M_CB_RI_98,6D,110.0,Ripe,2025-09-18,,5.0,,,Yellow,1.0,3.0,1.0,3.5,1.0,9.0,7.0,1.0,3.0,1.0,More Green Than Brown,More Brown than Green,1.77,1.58,10.73,,47.4,54.0,15.7,0.46,0.68,0.66,0.6,9.53,7.5,8.23,8.42,35.5,36.5,33.5,35.17,0.0,6.0
Mature,B,Overripe,R99,M_CB_OR_99,5D,111.0,Overripe,2025-09-18,,,,11.0,Yellow to Yellow Orange,1.0,5.0,5.0,,,9.0,3.0,1.0,5.0,1.0,Green,Brown,2.83,1.84,34.98,,59.9,64.5,21.0,0.48,0.28,0.61,0.46,,,,,36.5,31.5,33.5,33.83,0.0,5.0
Mature,B,Overripe,R100,M_CB_OR_100,5D,,Overripe,2025-09-18,,,,9.0,Yellow Orange,1.0,3.0,5.0,,,8.0,3.0,1.0,5.0,1.0,Green,More Green than Brown w/ Yellow Sutrue Line,2.68,2.27,15.3,,52.9,64.5,20.5,0.47,0.58,0.51,0.52,7.48,8.08,7.8,7.79,39.0,38.5,38.5,38.67,0.0,5.0
Mature,B,Overripe,R101,M_CB_OR_101,6D,110.0,Ripe,2025-09-18,,5.0,,,Yellow Orange,1.0,4.0,5.0,,1.0,9.0,7.0,1.0,4.0,1.0,More Green Than Brown,More Green than Brown,1.61,1.46,9.32,,46.2,54.5,18.55,0.48,0.43,0.38,0.43,8.53,9.58,9.28,9.13,34.0,33.0,32.0,33.0,0.0,6.0
Mature,B,Overripe,R102,M_CB_OR_102,6D,110.0,Overripe,2025-09-18,,,,9.0,Yellow Orange,1.0,3.0,5.0,,,9.0,3.0,1.0,4.0,1.0,More Brown Than Green,More Brown than Green w/ Yellow Orange Sutures,1.82,1.56,14.29,,47.8,54.7,15.0,0.49,0.61,0.51,0.54,9.85,7.63,7.48,8.32,35.0,34.0,35.0,34.67,0.0,6.0
Mature,B,Overripe,R103,M_CB_OR_103,4D,110.0,Overripe,2025-09-18,,,,9.0,(1-3) = Yellow Orange,1.0,4.0,1.0,,,9.0,3.0,1.0,5.0,2.0,More Green Than Brown,More Brown than Green; Yellow Orange at Bottom near Dehisenced area (Cracked),1.88,1.52,19.15,,50.5,55.6,16.55,0.0,0.12,0.0,0.04,6.58,6.45,6.48,6.5,31.5,30.5,29.5,30.5,0.0,4.0
Mature,B,Overripe,R104,M_CB_OR_104,5D,114.0,Overripe,2025-09-18,,,,9.0,Yellow Orange,1.0,4.0,5.0,,,8.0,3.0,1.0,4.0,1.0,Green,More Green than Brown,2.52,2.03,19.44,,55.2,59.6,16.7,0.38,0.46,0.37,0.41,8.33,9.1,7.75,8.39,38.0,38.0,39.5,38.5,0.0,5.0
Mature,B,Overripe,R105,M_CB_OR_105,6D,113.0,Overripe,2025-09-18,,,,15.0,Yellow Orange,1.0,,5.0,,,8.0,2.0,1.0,4.0,2.0,Green,More Brown than Green w/ Yellow Orange at bottom near dehisence,4.04,2.77,31.44,,64.6,68.0,24.4,0.46,0.15,0.36,0.32,7.65,6.88,5.78,6.77,30.0,28.0,28.5,28.83,0.0,6.0
Mature,C,Unripe,R106,M_CC_UN_106,6D,110.0,Unripe,2025-09-18,,,,,(1-3) = White,1.0,,1.0,2.0,,9.0,,1.0,,1.0,Green,,0.9,,,,41.3,42.7,14.2,10.01,11.97,9.33,10.44,3.88,4.45,4.35,4.23,45.5,43.0,47.5,45.33,0.0,6.0
Mature,C,Unripe,R107,M_CC_UN_107,5D,110.0,Unripe,2025-09-18,,,,,"(1-2) = White, (3) = Creamy White",1.0,,1.0,2.5,,9.0,,1.0,,1.0,More Green Than Brown,,1.26,,,,46.0,46.8,17.3,10.7,10.69,11.22,10.87,4.1,4.43,3.5,4.01,31.5,33.0,32.0,32.17,0.0,5.0
Mature,C,Unripe,R108,M_CC_UN_108,6D,110.0,Unripe,2025-09-18,,,,,(1-3) = White,1.0,,1.0,2.0,,8.0,,1.0,,1.0,More Green Than Brown,,0.93,,,,45.6,46.5,14.5,12.3,11.81,9.79,11.3,,,,,31.5,33.0,32.0,32.17,0.0,6.0
Mature,C,Unripe,R109,M_CC_UN_109,6D,110.0,Unripe,2025-09-18,,,,,(1-3) = White,1.0,,1.0,2.0,,9.0,,1.0,,1.0,Green,,1.03,,,,47.5,47.5,13.1,11.4,11.75,11.27,11.47,3.38,3.3,3.4,3.36,34.5,34.0,36.0,34.83,0.0,6.0
Mature,C,Unripe,R110,M_CC_UN_110,6D,110.0,Unripe,2025-09-18,,,,,(1-3) = Creamy White,1.0,,1.0,2.5,,9.0,,1.0,,1.0,Green,,1.27,,,,44.4,49.9,14.45,10.67,10.55,9.97,10.4,4.3,5.75,5.35,5.13,32.0,32.0,32.5,32.17,0.0,6.0
Mature,C,Unripe,R111,M_CC_UN_111,6D,110.0,Unripe,2025-09-18,,,,,(1-3) = Creamy White,1.0,,1.0,3.0,,9.0,,1.0,,1.0,Green,,1.35,,,,50.3,57.6,18.0,13.72,11.32,10.61,11.88,4.85,5.28,4.68,4.94,36.0,34.0,36.0,35.33,0.0,6.0
Mature,C,Unripe,R112,M_CC_UN_112,6D,114.0,Unripe,2025-09-18,,,,,"(1-2) = Creamy White, (3) = White",1.0,,1.0,2.5,,9.0,,1.0,,1.0,More Green Than Brown,,1.06,,,,41.2,46.6,14.0,8.55,8.56,7.92,8.35,5.65,4.28,2.9,4.28,37.5,37.0,37.5,37.33,0.0,6.0
Mature,C,Ripe,R113,M_CC_RI_113,6D,110.0,Ripe,2025-09-18,,5.0,,,Yellow (1-3),1.0,4.0,1.0,,1.0,9.0,7.0,1.0,4.0,1.0,Green,More Green than Brown,0.8,0.7,12.5,13.05,40.3,43.6,14.0,0.38,0.28,0.39,0.35,8.58,9.15,9.48,9.07,36.5,38.0,35.5,36.67,0.0,6.0
Mature,C,Ripe,R114,M_CC_RI_114,6D,110.0,Overripe,2025-09-18,,,,7.0,Yellow,1.0,4.0,1.0,,,9.0,3.0,1.0,5.0,1.0,More Green Than Brown,More Brown than Green,1.08,0.85,21.3,30.58,42.9,44.9,11.6,0.48,0.52,0.41,0.47,7.48,7.0,8.9,7.79,32.5,33.5,32.0,32.67,0.0,6.0
Mature,C,Ripe,R115,M_CC_RI_115,5D,110.0,Ripe,2025-09-18,,5.0,,,(D = YO) (2-3) = Yellow,1.0,3.0,5.0,,1.0,9.0,7.0,1.0,3.0,1.0,More Green Than Brown,More Brown than Green,0.9,0.79,12.22,,40.3,45.3,15.5,0.39,0.36,0.59,0.45,10.48,9.78,9.88,10.05,40.5,41.0,41.5,41.0,0.0,5.0
Mature,C,Ripe,R116,M_CC_RI_116,6D,110.0,Ripe,2025-09-18,,5.0,,,Yellow,1.0,5.0,5.0,,1.0,9.0,7.0,1.0,4.0,1.0,More Green Than Brown,More Green than Brown,1.18,,,,42.2,53.2,15.4,0.56,0.31,0.47,0.45,6.55,6.05,6.85,6.48,33.5,33.0,32.5,33.0,0.0,6.0
Mature,C,Ripe,R117,M_CC_RI_117,6D,114.0,Ripe,2025-09-18,,5.0,,,Yellow = (1-3),1.0,4.0,1.0,,1.0,9.0,7.0,1.0,4.0,1.0,More Green Than Brown,More Green than Brown,1.17,1.03,11.97,,45.6,50.1,14.3,0.59,0.39,0.45,0.48,10.35,6.95,7.45,8.25,34.0,33.5,35.0,34.17,0.0,6.0
Mature,C,Ripe,R118,M_CC_RI_118,6D,110.0,Ripe,2025-09-18,,5.0,,,"(1,2,3) -> Yellow",1.0,4.0,5.0,,1.0,9.0,7.0,1.0,4.0,1.0,More Green Than Brown,More Green than Brown,1.53,1.36,11.11,,52.0,54.2,14.4,0.42,0.52,0.35,0.43,6.13,7.18,9.95,7.75,33.5,35.5,34.0,34.33,0.0,6.0
Mature,C,Ripe,R119,M_CC_RI_119,6D,113.0,Ripe,2025-09-18,,7.0,,,,1.0,2.0,4.0,2.5,1.0,7.0,5.0,1.0,4.0,1.0,More Green Than Brown,More Green than Brown,3.83,3.44,10.18,,61.1,67.5,25.0,0.44,0.47,0.47,0.46,6.9,10.18,9.18,8.75,32.0,38.0,36.0,35.33,0.0,6.0
Mature,C,Overripe,R120,M_CC_OR_120,5D,110.0,Overripe,2025-09-18,,,,8.0,Yellow,1.0,4.0,1.0,,,9.0,3.0,1.0,4.0,1.0,More Green Than Brown,More Brown than Green,1.09,0.9,17.43,,44.5,48.8,14.8,0.33,0.4,0.2,0.31,8.53,8.45,9.73,8.9,39.5,38.5,39.5,39.17,0.0,5.0
Mature,C,Overripe,R121,M_CC_OR_121,5D,110.0,Ripe,2025-09-18,,,,,Yellow Orange,1.0,4.0,1.0,,1.0,9.0,7.0,1.0,4.0,1.0,More Green Than Brown,More Brown than Green,1.23,0.98,20.33,,44.5,49.9,16.3,0.65,0.61,0.66,0.64,8.23,6.5,8.9,7.88,32.0,30.5,30.5,31.0,0.0,5.0
Mature,C,Overripe,R122,M_CC_OR_122,6D,110.0,Overripe,2025-09-18,,,,7.0,Yellow Orange,1.0,4.0,1.0,,,9.0,3.0,1.0,5.0,1.0,More Brown Than Green,More Brown than Green,1.08,0.84,22.22,,46.1,45.5,16.0,0.32,0.21,0.21,0.25,9.1,8.23,8.28,8.54,39.5,38.5,36.0,38.0,0.0,6.0
Mature,C,Overripe,R123,M_CC_OR_123,6D,110.0,Overripe,2025-09-18,,,,8.0,Yellow Orange,1.0,5.0,5.0,,,8.0,3.0,1.0,5.0,1.0,More Green Than Brown,More Brown than Green,0.93,0.7,24.73,,43.2,41.6,13.6,0.47,0.34,0.57,0.46,10.63,10.13,8.23,9.66,39.0,40.0,38.5,39.17,0.0,6.0
Mature,C,Overripe,R124,M_CC_OR_124,6D,111.0,Overripe,2025-09-18,,,,6.0,Yellow Orange,1.0,3.0,5.0,,,7.0,4.0,1.0,5.0,1.0,More Green Than Brown,More Green than Brown w/ Yellow Orange along Suture Line,3.86,2.26,41.45,,56.7,74.3,23.8,0.52,0.36,0.24,0.37,6.9,6.9,6.2,6.67,38.5,35.5,36.0,36.67,0.0,6.0
Mature,C,Overripe,R125,M_CC_OR_125,6D,114.0,Overripe,2025-09-18,,,,6.0,Yellow Orange,1.0,3.0,5.0,,,7.0,3.0,1.0,5.0,1.0,More Green Than Brown,More Green than Yellow Orange,2.75,1.2,56.36,,50.4,69.3,25.0,0.55,0.33,0.28,0.39,7.4,8.15,7.15,7.57,36.5,37.5,35.5,36.5,0.0,6.0
Mature,C,Overripe,R126,M_CC_OR_126,5D,110.0,Overripe,2025-09-18,,,,7.0,Yellow,1.0,4.0,2.0,,,9.0,3.0,1.0,5.0,1.0,More Green Than Brown,More Brown than Green,1.54,,,,,,17.7,0.52,0.51,0.54,0.52,9.28,8.53,8.4,8.74,36.0,33.0,36.5,35.17,0.0,5.0
Overmature,A,Unripe,R127,OM_CA_UN_127,4D,118.0,Unripe,2025-09-19,,,,,Light Yellow,1.0,,1.0,5.0,1.0,9.0,,1.0,1.0,1.0,More Green Than Brown,,2.11,,,,50.3,55.5,18.45,5.1,5.98,6.07,5.72,4.93,5.03,5.4,5.12,33.0,33.0,31.5,32.5,0.0,4.0
Overmature,A,Unripe,R128,OM_CA_UN_128,3D,118.0,Unripe,2025-09-19,,,,,Light Yellow,1.0,,1.0,4.5,1.0,8.0,,1.0,1.0,1.0,More Green Than Brown,,2.6,,,,51.0,64.6,21.5,3.13,2.23,2.06,2.47,6.13,5.7,6.6,6.14,34.5,37.0,36.0,35.83,0.0,3.0
Overmature,A,Unripe,R129,OM_CA_UN_129,3D,118.0,Unripe,2025-09-19,,,,,"Creamy White (1), Light Yellow (2-3)",1.0,,1.0,4.0,1.0,9.0,,1.0,1.0,1.0,More Brown Than Green,,1.89,,,,48.2,58.4,18.1,2.7,2.28,2.58,2.52,4.6,4.8,4.75,4.72,33.0,35.0,35.5,34.5,0.0,3.0
Overmature,A,Unripe,R130,OM_CA_UN_130,5D,118.0,Unripe,2025-09-19,,,,,,1.0,,1.0,4.0,1.0,7.0,,1.0,1.0,1.0,More Green Than Brown,,2.47,,,,54.5,57.4,21.25,3.72,2.61,2.99,3.1,5.35,5.35,4.5,5.07,31.5,31.5,30.5,31.17,0.0,5.0
Overmature,A,Unripe,R131,OM_CA_UN_131,1D,118.0,Unripe,2025-09-19,,,,,Yellow,1.0,,1.0,4.5,1.0,7.0,,1.0,1.0,1.0,More Green Than Brown,,2.7,,,,53.3,54.7,22.0,3.89,4.33,3.56,3.93,5.13,4.9,5.93,5.32,31.5,35.0,30.0,32.17,0.0,1.0
Overmature,A,Unripe,R132,OM_CA_UN_132,5D,118.0,Unripe,2025-09-19,,,,,Light Yellow,1.0,,1.0,5.0,1.0,9.0,,1.0,1.0,1.0,More Brown Than Green,,2.17,,,,51.1,57.1,21.1,4.19,4.18,5.39,4.58,5.18,5.2,5.55,5.31,32.0,31.0,31.0,31.33,0.0,5.0
Overmature,A,Unripe,R133,OM_CA_UN_133,4D,118.0,Unripe,2025-09-19,,,,,Yellow,1.0,,1.0,5.0,1.0,7.0,,1.0,1.0,1.0,More Green Than Brown,,3.17,,,,54.3,57.3,21.8,1.58,1.84,1.72,1.72,5.63,5.5,6.18,5.77,34.5,38.0,35.5,36.0,0.0,4.0
Overmature,A,Ripe,R134,OM_CA_RI_134 (Tagak 2),0D,118.0,Ripe,2025-09-19,,0.0,,,Yellow (1-3),3.0,3.0,5.0,,1.0,9.0,,4.0,4.0,1.0,Green W/ 5% Yellowness Or Yellow Orange,,2.3,2.3,0.0,3.99,49.9,61.7,23.0,0.58,0.71,0.74,0.67,8.95,8.9,8.95,8.93,39.0,38.0,37.5,38.17,0.0,0.0
Overmature,A,Ripe,R135,OM_CA_RI_135 (Tagak 3),0D,118.0,Ripe,2025-09-19,,0.0,,,Light Yellow to Yellow (1-3),3.0,3.0,5.0,4.0,1.0,9.0,,4.0,4.0,1.0,More Brown Than Green,,2.14,2.14,0.0,,53.0,59.5,17.2,0.6,0.56,0.47,0.55,7.7,8.3,8.3,8.1,32.5,32.0,32.0,32.17,0.0,0.0
Overmature,A,Ripe,R136,OM_CA_RI_136 (Tagak 4),0D,118.0,Ripe,2025-09-19,,0.0,,,Light Yellow (1-3),2.0,2.0,5.0,,1.0,9.0,,4.0,4.0,1.0,Green,,2.66,2.66,0.0,,54.1,62.7,23.3,0.55,0.56,0.43,0.51,8.38,8.53,8.88,8.6,38.5,40.0,38.5,39.0,0.0,0.0
Overmature,A,Ripe,R137,OM_CA_RI_137 (Tagak 5),0D,118.0,Ripe,2025-09-19,,0.0,,,Yellow (1-3),2.0,2.0,5.0,4.0,1.0,8.0,,3.0,3.0,1.0,Green,,2.45,2.45,0.0,,55.6,58.5,19.5,0.45,0.48,0.77,0.57,7.73,8.4,8.9,8.34,37.0,40.0,40.5,39.17,0.0,0.0
Overmature,A,Ripe,R138,OM_CA_RI_138 (Tagak 6),0D,118.0,Ripe,2025-09-19,,0.0,,,Yellow to Yellow Orange (1-3),3.0,3.0,5.0,4.0,1.0,8.0,,4.0,4.0,1.0,Green,,3.23,3.23,0.0,,56.7,70.7,25.0,0.56,0.35,0.33,0.41,13.45,11.18,9.18,11.27,42.5,40.0,41.0,41.17,0.0,0.0
Overmature,A,Ripe,R139,OM_CA_RI_139,4D,118.0,Ripe,2025-09-23,,4.0,,,(1-3) = Yellow,1.0,3.0,1.0,5.0,1.0,9.0,6.0,1.0,3.0,1.0,More Green Than Brown,More Green than Brown,2.89,2.46,14.88,,,,22.0,0.46,0.42,0.58,0.49,7.28,6.53,7.53,7.11,36.0,34.5,36.5,35.67,0.0,4.0
Overmature,A,Ripe,R140,OM_CA_RI_140,5D,118.0,Ripe,2025-09-24,,4.0,,,(1-3) = Light Yellow,1.0,3.0,1.0,,1.0,9.0,7.0,1.0,2.0,1.0,More Green Than Brown,More Green than Brown,2.3,2.0,13.04,,,,19.0,0.33,0.39,0.35,0.36,8.65,7.5,7.0,7.72,39.5,36.5,36.5,37.5,0.0,5.0
Overmature,A,Overripe,R141,OM_CA_OR_141,1D,118.0,Overripe,2025-09-23,,,,4.0,(1-3) = Yellow Orange,1.0,3.0,1.0,4.5,,9.0,3.0,1.0,5.0,1.0,More Green Than Brown,More Brown than Green with Yellow Orange at Suture Lines,2.7,2.26,16.3,23.09,,,20.0,0.35,0.0,0.29,0.21,7.35,8.25,7.03,7.54,33.5,32.5,30.0,32.0,0.0,1.0
Overmature,A,Overripe,R142,OM_CA_OR_142,5D,118.0,Overripe,2025-09-23,,,2025-10-02,9.0,Yellow,1.0,4.0,1.0,5.0,,9.0,4.0,1.0,5.0,1.0,More Green Than Brown,More Brown than Green,2.16,1.56,27.78,,,,19.0,0.73,0.71,0.61,0.68,,,,,32.0,30.0,32.0,31.33,0.0,5.0
Overmature,A,Overripe,R143,OM_CA_OR_143,0D,118.0,Overripe,2025-09-23,,,2025-10-02,9.0,,4.0,4.0,5.0,4.5,1.0,8.0,2.0,3.0,4.0,1.0,More Green Than Brown,Dark Brown (diseased),3.46,2.77,19.94,,58.5,73.3,18.7,,,,,,,,,33.5,33.5,32.5,33.17,0.0,0.0
Overmature,A,Overripe,R144,OM_CA_OR_144,3D,118.0,Overripe,2025-09-23,,,2025-10-02,9.0,Yellow,1.0,3.0,1.0,,,9.0,3.0,1.0,5.0,2.0,More Green Than Brown,More Brown than Green with yellow orange sutures,2.86,2.07,27.62,,,,19.4,0.81,0.65,0.64,0.7,,,,,33.0,32.0,36.0,33.67,0.0,3.0
Overmature,A,Overripe,R145,OM_CA_OR_145,3D,118.0,Overripe,2025-09-23,,,2025-10-02,9.0,Yellow Orange,1.0,5.0,1.0,5.0,,9.0,3.0,1.0,5.0,1.0,More Green Than Brown,Brown with yellow orange suture,2.11,1.49,29.38,,,,18.0,0.26,0.35,0.41,0.34,,,,,,,,,0.0,3.0
Overmature,A,Overripe,R146,OM_CA_OR_146,5D,118.0,Overripe,2025-09-23,,,2025-10-02,9.0,Yellow,1.0,4.0,1.0,5.0,,9.0,4.0,1.0,5.0,1.0,More Green Than Brown,More Brown than Green,2.37,1.67,29.54,,,,18.1,0.9,0.59,0.8,0.76,,,,,32.0,31.5,32.0,31.83,0.0,5.0
Overmature,A,Overripe,R147,OM_CA_OR_147,0D,118.0,Overripe,2025-09-23,,,,3.0,(1-3) = Yellow,3.0,5.0,5.0,5.0,,8.0,3.0,4.0,5.0,1.0,More Brown Than Green,More Brown than Green; Yellow Orange along Suture Line (Cracked),1.72,1.53,11.05,,49.9,54.5,12.0,0.0,0.0,0.11,0.04,7.7,7.88,7.2,7.59,31.5,33.5,31.5,32.17,0.0,0.0
Overmature,B,Unripe,R148,OM_CB_UN_148,5D,118.0,Unripe,2025-09-29,,,,,Light Yellow,1.0,,1.0,,1.0,8.0,,1.0,,1.0,Dark/Jade Green,,2.11,,,,49.5,57.7,17.5,2.68,3.81,2.01,2.84,5.7,5.0,5.5,5.4,32.0,30.5,31.5,31.33,0.0,5.0
Overmature,B,Unripe,R149,OM_CB_UN_149,5D,118.0,Unripe,2025-09-29,,,,,Yellow,2.0,,1.0,3.5,1.0,8.0,,1.0,,2.0,Dark Green,,1.94,,,,50.6,52.8,19.75,3.25,2.22,2.59,2.69,6.8,8.03,6.3,7.04,36.5,37.5,36.5,36.83,0.0,5.0
Overmature,B,Unripe,R150,OM_CB_UN_150,5D,118.0,Unripe,2025-09-29,,,,,Light Yellow,1.0,,1.0,3.5,1.0,9.0,,1.0,,1.0,Dark Green,,1.7,,,,48.7,52.0,17.3,2.8,2.86,4.37,3.34,,,,,30.5,34.0,33.0,32.5,0.0,5.0
Overmature,B,Unripe,R151,OM_CB_UN_151,5D,118.0,Unripe,2025-09-29,,,,,Light Yellow,1.0,,1.0,3.5,1.0,8.0,,1.0,,1.0,Dark Green,,2.02,,,,51.9,57.9,19.5,3.91,2.77,3.11,3.26,6.73,6.83,5.6,6.39,42.0,37.5,34.0,37.83,0.0,5.0
Overmature,B,Unripe,R152,OM_CB_UN_152,5D,118.0,Unripe,2025-09-29,,,,,Light Yellow,1.0,,1.0,,1.0,9.0,,1.0,,1.0,Dark Green,,1.66,,,,48.1,51.7,16.5,3.12,1.83,2.62,2.52,7.48,8.43,8.98,8.3,41.0,37.5,38.5,39.0,0.0,5.0
Overmature,B,Unripe,R153,OM_CB_UN_153,3D,118.0,Unripe,2025-09-29,,,,,Yellow Orange,1.0,,1.0,4.0,1.0,7.0,,1.0,,,More Green Than Brown,,3.8,,,,60.9,67.5,26.3,1.38,1.61,1.75,1.58,,,,,,,,,0.0,3.0
Overmature,B,Unripe,R154,OM_CB_UN_154,,118.0,Unripe,2025-09-29,,,,,,,,,,,,,,,,,,,,,,,,,,,,,,,,,,,,,,
Overmature,B,Ripe,R155,OM_CB_RI_155 (Tagak 1),0D,118.0,Ripe,2025-09-29,,0.0,,,Yellow,4.0,,5.0,3.5,1.0,8.0,,1.0,2.0,1.0,Dark Green With Yellow Green Sutures,,1.92,1.92,0.0,10.69,49.7,56.7,15.8,0.69,0.64,0.71,0.68,8.03,6.25,6.25,6.84,37.5,34.0,34.5,35.33,0.0,0.0
Overmature,B,Ripe,R156,OM_CB_RI_156,5D,118.0,Ripe,2025-09-29,2025-10-06,7.0,,,Yellow Orange,1.0,3.0,3.0,4.0,1.0,9.0,8.0,1.0,3.0,1.0,More Green Than Brown,More Brown than Green,3.11,2.66,14.47,,61.1,64.8,,0.66,0.65,0.42,0.58,8.93,9.03,9.55,9.17,38.0,37.5,37.5,37.67,0.0,5.0
Overmature,B,Ripe,R157,OM_CB_RI_157,5D,118.0,Ripe,2025-09-29,2025-10-06,7.0,,,Orange,1.0,2.0,4.0,2.0,1.0,8.0,7.0,1.0,5.0,1.0,More Green Than Brown,More Green than Brown,2.48,2.21,10.89,,53.1,58.8,21.5,0.61,0.53,0.59,0.58,7.1,6.4,6.25,6.58,38.5,34.5,36.5,36.5,0.0,5.0
Overmature,B,Ripe,R158,OM_CB_RI_158,5D,118.0,Ripe,2025-09-29,2025-10-06,7.0,,,Yellow Orange,1.0,2.0,4.0,4.0,1.0,7.0,6.0,1.0,4.0,1.0,Dark Green,Dark Green,2.12,1.84,13.21,,59.7,52.9,21.3,0.64,0.91,0.55,0.7,8.55,9.6,9.4,9.18,38.5,37.0,37.0,37.5,0.0,5.0
Overmature,B,Ripe,R159,OM_CB_RI_159,5D,118.0,Overripe,2025-09-29,,,2025-10-06,7.0,Yellow Orange,2.0,3.0,5.0,4.0,,6.0,6.0,1.0,4.0,1.0,Green,More Green than Brown,1.9,1.68,11.58,20.24,55.7,50.4,16.65,0.68,0.61,0.81,0.7,7.3,7.95,7.95,7.73,35.0,35.5,36.0,35.5,0.0,5.0
Overmature,B,Ripe,R160,OM_CB_RI_160,6D,118.0,Ripe,2025-09-29,2025-10-06,7.0,,,Yellow,1.0,3.0,4.0,,1.0,8.0,6.0,1.0,5.0,1.0,Green,Green,3.53,3.0,15.01,,59.1,73.7,25.0,0.87,0.62,0.66,0.72,7.63,7.38,6.75,7.25,38.5,38.0,37.0,37.83,0.0,6.0
Overmature,B,Ripe,R161,OM_CB_RI_161,,118.0,Ripe,2025-09-29,,,,,,,,,,,,,,,,,,,,,,,,,,,,,,,,,,,,,,
Overmature,B,Overripe,R162,OM_CB_OR_162,2D,118.0,Overripe,2025-09-29,,,2025-10-07,8.0,Yellow Orange,5.0,5.0,5.0,4.0,,8.0,4.0,1.0,5.0,2.0,More Brown Than Green,More Brown than Yellow with Orange Sutures,3.81,3.03,20.47,,65.1,73.1,26.6,0.29,0.78,0.32,0.47,8.78,7.15,7.95,7.96,33.0,34.5,35.5,34.33,0.0,2.0
Overmature,B,Overripe,R163,OM_CB_OR_163,,118.0,,2025-09-29,,,,,,,,,,,,,,,,,,,,,,,,,,,,,,,,,,,,,,
Overmature,B,Overripe,R164,OM_CB_OR_164,,118.0,,2025-09-29,,,,,,,,,,,,,,,,,,,,,,,,,,,,,,,,,,,,,,
Overmature,B,Overripe,R165,OM_CB_OR_165,1D,118.0,Overripe,2025-09-29,,,2025-10-07,8.0,Yellow Orange,2.0,5.0,5.0,4.0,,7.0,4.0,3.0,5.0,2.0,More Green Than Brown With Yellow Sutures,Brown with Yellow Orange bottom,2.17,1.78,17.97,,53.7,60.3,22.7,0.41,0.67,0.64,0.57,6.65,5.7,5.78,6.04,31.0,32.0,33.0,32.0,0.0,1.0
Overmature,B,Overripe,R166,OM_CB_OR_166,2D,118.0,Ripe,2025-09-29,2025-10-06,7.0,,,Yellow Orange,1.0,2.0,4.0,4.0,1.0,8.0,7.0,1.0,5.0,1.0,Green,Green,3.88,3.47,10.57,,62.8,75.0,22.7,0.5,0.46,0.73,0.56,8.25,7.88,7.88,8.0,37.5,34.0,34.0,35.17,0.0,2.0
Overmature,B,Overripe,R167,OM_CB_OR_167,2D,118.0,Overripe,2025-09-29,,,2025-10-10,11.0,Yellow Orange,,5.0,5.0,5.0,,8.0,4.0,1.0,5.0,1.0,Green,More Brown than Yellow Green,3.55,2.87,19.15,,58.6,70.8,24.05,0.46,0.37,0.5,0.44,6.85,5.9,6.55,6.43,33.5,32.0,33.0,32.83,0.0,2.0
Overmature,B,Overripe,R168,OM_CB_OR_168,3D,118.0,Overripe,2025-09-29,,,2025-10-07,8.0,"Yellow orange (1), Yellow (2-3)",2.0,5.0,1.0,,,7.0,7.0,2.0,5.0,1.0,Green,Brown with Yellow Orange Sutures,1.28,0.87,32.03,,40.0,50.8,21.2,0.39,0.65,0.57,0.53,8.95,9.55,8.65,9.05,36.5,37.5,36.0,36.67,0.0,3.0
Overmature,C,Unripe,R169,OM_CC_UN_169,6D,118.0,Unripe,2025-09-29,,,,,"Light Yellow (1-2), Yellow (3)",2.0,,1.0,3.0,1.0,3.0,,2.0,,1.0,More Green Than Brown,,2.87,,,,68.9,58.6,22.05,1.5,2.1,1.76,1.79,6.08,6.48,6.88,6.48,32.5,30.0,32.0,31.5,0.0,6.0
Overmature,C,Unripe,R170,OM_CC_UN_170,3D,118.0,Unripe,2025-09-29,,,,,Light Yellow,1.0,,1.0,3.5,1.0,8.0,,1.0,,1.0,Green,,2.11,,,,49.8,58.0,19.45,2.66,1.84,1.4,1.96,8.75,8.43,8.45,8.54,39.5,36.5,38.5,38.17,0.0,3.0
Overmature,C,Unripe,R171,OM_CC_UN_171,6D,118.0,Unripe,2025-09-29,,,,,Yellow,2.0,,1.0,3.0,1.0,7.0,,1.0,,2.0,More Brown Than Green,,1.67,,,,47.8,53.8,17.1,2.14,1.25,1.75,1.71,7.2,7.2,7.23,7.21,38.5,38.0,37.5,38.0,0.0,6.0
Overmature,C,Unripe,R172,OM_CC_UN_172,5D,118.0,Unripe,2025-09-29,,,,,Light Yellow,1.0,,1.0,4.5,1.0,9.0,,1.0,,1.0,More Green Than Brown,,1.28,,,,45.0,51.3,20.6,2.11,4.78,3.58,3.49,,,,,36.0,36.0,39.0,37.0,0.0,5.0
Overmature,C,Unripe,R173,OM_CC_UN_173,3D,118.0,Unripe,2025-09-29,,,,,Yellow,1.0,,1.0,3.5,1.0,8.0,,1.0,,1.0,Green,,3.44,,,,56.3,67.7,27.0,2.06,3.8,2.62,2.83,7.63,4.78,7.15,6.52,36.0,37.0,32.0,35.0,0.0,3.0
Overmature,C,Unripe,R174,OM_CC_UN_174,5D,118.0,Unripe,2025-09-29,,,,,Yellow,1.0,,1.0,3.5,1.0,7.0,,1.0,,,More Green Than Brown,,1.54,,,,50.5,54.0,21.0,2.41,1.34,2.04,1.93,,,,,40.0,39.0,38.5,39.17,0.0,5.0
Overmature,C,Unripe,R175,OM_CC_UN_175,6D,118.0,Unripe,2025-09-29,,,,,Creamy Yellow,1.0,,1.0,3.5,1.0,8.0,,1.0,,1.0,Green,,3.29,,,,59.5,64.3,25.15,2.37,1.35,2.51,2.08,5.75,6.05,6.13,5.98,38.5,38.5,38.5,38.5,0.0,6.0
Overmature,C,Ripe,R176,OM_CC_RI_176 (Tagak 7),5D,118.0,Ripe,2025-09-29,,0.0,,,Creamy Yellow,1.0,4.0,4.0,3.5,1.0,8.0,7.0,1.0,3.0,1.0,Green,More Brown than Green,1.56,1.34,14.1,15.1,47.0,52.4,21.3,0.88,0.72,0.72,0.77,9.48,7.88,7.75,8.37,37.5,36.0,38.5,37.33,0.0,5.0
Overmature,C,Ripe,R177,OM_CC_RI_177 (Tagak 8),0D,118.0,Ripe,2025-09-29,,0.0,,,Yellow,3.0,,5.0,,1.0,7.0,,4.0,4.0,2.0,More Green Than Yellow,,1.26,,,,,,12.4,0.61,0.72,0.38,0.57,9.73,11.15,12.78,11.22,38.0,39.0,37.0,38.0,0.0,0.0
Overmature,C,Ripe,R178,OM_CC_RI_178 (Tagak 10),0D,118.0,Ripe,2025-09-29,,0.0,,,Yellow,2.0,,5.0,,1.0,7.0,,3.0,3.0,1.0,More Dark Green Than Green,,2.19,,,,55.0,60.9,16.85,0.35,0.52,0.68,0.52,8.45,7.48,8.7,8.21,35.5,35.5,34.5,35.17,0.0,0.0
Overmature,C,Ripe,R179,OM_CC_RI_179,5D,118.0,Ripe,2025-09-29,2025-10-06,7.0,,,Yellow,1.0,2.0,4.0,,1.0,8.0,8.0,1.0,4.0,1.0,Green,More Green than Brown,1.61,1.37,14.91,,,,16.2,0.98,0.64,1.07,0.9,8.9,8.4,8.95,8.75,41.5,38.5,37.5,39.17,0.0,5.0
Overmature,C,Ripe,R180,OM_CC_RI_180,5D,118.0,Ripe,2025-09-29,2025-10-06,7.0,,,Light Yellow,,4.0,4.0,2.0,1.0,9.0,6.0,1.0,5.0,1.0,Green,More Green than Brown,1.16,0.93,19.83,,46.8,42.9,12.0,1.14,0.97,0.92,1.01,8.45,8.55,8.33,8.44,38.0,37.0,38.5,37.83,0.0,5.0
Overmature,C,Ripe,R181,OM_CC_RI_181,5D,118.0,Overripe,2025-09-29,,,2025-10-07,8.0,Yellow,1.0,3.0,5.0,,,9.0,7.0,1.0,4.0,1.0,Green,More Green than Brown with Yellow Sutures,1.27,1.04,18.11,21.19,45.1,49.6,15.8,0.41,0.63,0.69,0.58,9.4,9.78,9.35,9.51,38.0,39.5,38.0,38.5,0.0,5.0
Overmature,C,Ripe,R182,OM_CC_RI_182,5D,118.0,Ripe,2025-09-29,2025-10-06,7.0,,,Yellow Orange,1.0,3.0,5.0,,1.0,8.0,6.0,1.0,2.0,1.0,More Green Than Brown,More Green than Brown,2.76,2.43,11.96,,49.7,62.6,26.0,0.54,0.87,0.82,0.75,9.28,9.43,9.73,9.48,38.5,38.0,38.5,38.33,0.0,5.0
Overmature,C,Overripe,R183,OM_CC_OR_183 (Tagak 9),0D,118.0,Overripe,2025-09-29,,,,10.0,Yellow,3.0,,5.0,,1.0,6.0,,4.0,5.0,1.0,More Dark Green Than Brown,,1.99,,,,,,15.45,0.26,0.52,0.57,0.45,6.28,7.55,6.98,6.94,34.5,34.5,34.5,34.5,0.0,0.0
Overmature,C,Overripe,R184,OM_CC_OR_184,4D,118.0,Ripe,2025-09-29,2025-10-06,7.0,,,Yellow,,3.0,5.0,,1.0,7.0,6.0,1.0,3.0,1.0,More Green Than Brown,More Brown than Green,1.43,1.22,14.69,,47.1,50.1,21.0,0.97,0.65,0.69,0.77,8.2,8.55,7.95,8.23,41.0,36.5,41.0,39.5,0.0,4.0
Overmature,C,Overripe,R185,OM_CC_OR_185,0D,118.0,Overripe,2025-09-29,,,2025-10-07,8.0,"Yellow Orange (1-2), Yellow (3)",3.0,5.0,5.0,,,8.0,7.0,3.0,4.0,1.0,More Green Than Brown,More Brown than Green with Yellow Green Bottom,0.99,0.74,25.25,,54.2,54.4,13.65,0.99,1.06,0.61,0.88,7.2,7.38,8.45,7.68,30.5,31.5,30.0,30.67,0.0,0.0
Overmature,C,Overripe,R186,OM_CC_OR_186,3D,118.0,Overripe,2025-09-29,,7.0,2025-10-07,8.0,Yellow,2.0,5.0,1.0,,,7.0,3.0,1.0,5.0,2.0,More Green Than Brown,Brown,1.12,0.89,20.54,,45.8,46.0,18.75,0.55,0.83,0.61,0.66,8.18,7.1,7.7,7.66,30.5,31.0,30.0,30.5,0.0,3.0
Overmature,C,Overripe,R187,OM_CC_OR_187,5D,118.0,Overripe,2025-09-29,,,2025-10-07,8.0,Yellow,,5.0,4.0,,,7.0,3.0,1.0,3.0,2.0,More Green Than Brown,More Brown than Yellow Orange,1.61,1.24,22.98,,50.7,56.8,19.2,0.48,0.54,0.38,0.47,10.08,9.85,10.5,10.14,38.5,40.5,41.0,40.0,0.0,5.0
Overmature,C,Overripe,R188,OM_CC_OR_188,5D,118.0,Overripe,2025-09-29,,,2025-10-07,8.0,Yellow Orange,1.0,3.0,4.0,,,8.0,7.0,1.0,4.0,1.0,Green,Green with Yellow Sutures,1.77,1.43,19.21,,47.8,52.1,20.65,0.58,0.33,0.73,0.54,8.48,7.95,7.33,7.92,36.5,36.0,34.5,35.67,0.0,5.0
Overmature,C,Overripe,R189,OM_CC_OR_189,5D,118.0,Overripe,2025-09-29,,,2025-10-07,8.0,Yellow,2.0,3.0,5.0,,,7.0,6.0,1.0,4.0,1.0,Green,More Green than Brown with Yellow Sutures,1.33,1.05,21.05,,45.1,47.6,17.0,0.68,0.61,0.81,0.7,8.25,9.63,8.58,8.82,35.5,38.0,38.0,37.17,0.0,5.0
